a,174
research,8
agenda,1
for,136
ageing,8
in,220
china,9
the,144
st,1
century,1
nd,1
edition,1
,490
focusing,1
on,49
basic,1
and,221
translational,1
longterm,7
care,16
policy,1
social,13
networks,4
risk,36
prediction,53
model,33
based,27
machine,128
learning,130
cognitive,85
impairment,48
among,29
chinese,10
communitydwelling,6
elderly,41
people,17
with,81
normal,6
cognition,4
development,22
validation,15
study,76
paradigm,3
future,6
value,3
of,303
metaverse,2
intervention,5
decline,15
disabilityfree,1
survival,1
healthy,6
older,70
use,26
approach,42
to,82
predict,20
depression,39
longitudinal,22
combination,1
ad,3
biomarkers,8
revealed,2
by,19
precisely,1
predicts,5
alzheimers,52
dementia,82
aging,12
neurodegenerative,3
initiative,3
candi,1
artificial,16
intelligence,15
approaches,9
predicting,27
detecting,7
adults,58
conceptual,2
review,7
ai,3
diagnosis,17
develop,2
diagnostic,5
tool,10
using,101
nonimaging,1
features,10
fetal,1
infant,1
toddler,1
neuroimaging,4
primer,1
incident,3
patient,3
temporal,2
health,41
status,4
machinelearningbased,1
analysis,38
relationships,1
between,6
loneliness,4
metrics,1
mobility,5
patterns,7
eye,1
movements,1
neuropsychological,6
tasks,1
progression,3
pressure,3
hydrocephalus,2
graph,1
representation,1
learningbased,5
early,19
detection,28
framework,8
smart,5
home,7
environments,1
signals,4
from,43
clinical,16
visits,1
oneclass,2
classification,17
treatment,6
outcome,2
latelife,9
earlystage,2
disease,61
models,13
functional,10
electronic,8
record,2
data,32
th,1
international,2
symposium,1
intensive,1
emergency,3
medicine,4
brussels,1
belgium,1
march,1
radiomics,2
monitoring,7
systematic,3
studies,3
field,2
technology,4
anxiety,5
radiological,1
anatomical,1
mri,6
assisted,1
learningderived,1
maps,1
utilizing,4
recognize,1
human,4
activities,3
homecare,1
can,2
mild,27
parkinsons,6
evaluation,7
mental,18
suicide,8
does,3
not,2
identify,9
patients,26
without,1
traditional,2
factors,18
cardiometabolic,2
conditions,2
allcause,1
american,8
indian,6
alaska,4
native,4
speech,13
language,11
characteristics,5
differentiate,3
lewy,3
bodies,3
discovery,3
suicidal,5
ideation,5
explainable,3
fall,6
gait,6
geriatric,7
assessments,1
evaluating,1
voiceassistant,1
commands,1
road,1
personalized,5
studybased,1
public,3
testamentary,1
capacity,1
assessment,13
prospects,1
challenges,2
vocal,1
pattern,1
continuous,1
neurophysiologic,1
accurately,1
mood,3
energy,1
questionnairefree,1
machinelearning,5
method,3
depressive,10
symptoms,17
hybrid,2
estimation,3
homebased,3
year,5
followup,2
multifactorial,2
prior,2
natural,11
processing,8
as,10
an,25
emerging,1
detect,7
comparative,1
algorithms,9
current,3
trends,2
computational,1
tools,1
frailty,5
management,6
identification,10
marker,2
genes,1
walking,2
disorders,10
interprofessional,1
perspective,1
implications,3
improving,2
day,1
mortality,8
discounting,1
surprising,1
deaths,1
community,7
residing,1
approch,1
eigenbehaviour,1
indicator,1
abilities,1
cardiovascular,1
screening,16
medical,4
mobile,2
applications,1
new,6
mapping,2
hospitalization,3
outcomes,9
discourse,1
sentiment,1
toward,2
media,2
weibo,1
posts,1
validity,2
three,1
or,6
australia,1
multimodal,4
brain,26
age,13
estimates,1
relate,1
alzheimer,8
stages,4
crosssectional,7
observational,6
rural,3
urban,1
disabled,1
random,2
forest,1
classifier,3
do,1
words,2
matter,7
isolation,2
protein,1
metabolic,2
hospital,2
length,1
stay,1
french,1
medicoadministrative,1
database,2
middleaged,6
recordsbased,1
mci,2
effective,2
potential,2
ocular,1
their,2
roles,1
developing,7
delirium,6
internal,2
inpatients,1
improved,1
what,2
influences,1
individual,5
perception,1
disentangle,1
selfperceived,2
internet,3
things,1
identifying,13
signs,1
nonstroke,1
function,7
atrophy,4
novel,5
onset,8
neurobiomarker,2
eeg,6
network,4
topology,1
activity,3
during,7
sleep,5
comparison,5
regression,4
methods,12
forecasting,3
disability,4
cohort,11
japanese,4
hippocampal,1
via,3
limitation,1
abc,1
death,5
cancer,8
usability,1
reveals,1
signatures,1
hiv,3
effects,7
nonmedical,1
cannabis,1
protocol,7
scoping,1
enhancing,2
call,1
chat,1
volumes,1
at,8
online,4
helplines,1
presence,1
severity,7
applying,5
interpretable,3
techniques,6
structured,1
records,6
stack,1
ensemble,5
oriented,1
parkinson,1
gridsearchcvbased,1
hyper,1
parameter,1
tuning,1
application,8
psychometric,2
tests,4
population,6
covid,8
province,2
quebec,1
melancholia,1
defined,2
precision,1
neurotechnology,1
biomarker,5
emotional,3
stimulus,1
task,3
ceradnab,1
flexible,1
battery,2
differentiation,1
placebo,2
responders,1
trials,2
intelligent,3
system,12
unbiased,1
autoencoder,1
adaboost,1
learningassisted,1
department,1
outdoor,1
life,9
how,1
predictable,1
are,7
unsupervised,3
subgroups,1
heart,2
failure,2
telehealth,1
white,5
lesions,1
gray,2
volume,1
severe,3
psychological,6
distress,2
spinal,1
metastatic,1
dynairx,1
project,3
dynamic,2
prescribing,2
optimisation,1
integration,1
multimorbidity,2
estimating,4
prevalence,2
india,2
semisupervised,1
individualized,1
disorder,6
multitask,1
deep,8
improve,4
asd,1
light,1
specific,1
differential,1
cooccurring,1
diagnoses,1
diseases,4
general,3
catboost,1
algorithm,12
national,3
nutrition,1
examination,1
survey,7
eegbased,1
epidemiological,3
pilot,4
exploratory,5
south,4
amyloid,5
transition,2
down,1
syndrome,2
uncovering,1
heterogeneous,2
associations,5
disasterrelated,1
traumatic,3
experiences,2
subsequent,1
problems,1
nana,1
toolkit,1
affecting,1
korea,3
reveal,1
importance,2
predictors,14
improvements,1
mindfulness,1
meditation,2
stressed,1
chartderived,1
after,9
hip,3
fracture,2
surgeries,1
retrospective,3
casecontrol,1
big,1
employees,1
job,1
performance,6
soes,1
visionary,1
enticing,1
chronic,5
pain,5
both,2
stepwise,1
amyloidbeta,1
pathology,2
sensorbased,1
poisson,1
process,3
test,5
selection,4
epidemiology,2
associated,16
neuropsychiatric,3
realworld,3
structure,2
accurate,1
inpatient,2
hospice,1
coronavirus,1
era,1
through,7
wholebrain,1
dcnn,1
passive,2
digital,11
markers,4
other,2
related,7
dementias,1
evidence,7
arterial,1
blood,5
persistent,2
personalised,1
healthcare,5
attrition,1
populationbased,4
wearable,3
sensors,2
behavioral,4
hypothesisled,1
hierarchical,2
cluster,2
pathways,1
talking,1
respiratory,1
feasibility,3
textilebased,1
substance,5
instagram,1
participation,1
inform,1
networkbased,1
reminiscence,1
everyday,1
conversations,2
automated,15
accelerate,1
highneed,1
primary,7
nursing,2
knowledge,1
decision,6
modeling,6
users,2
pen,1
omicsbased,1
bioinformatics,2
perspectives,2
statistical,2
vs,2
trajectories,4
traminer,1
visionbased,1
locomotion,1
traces,1
smarthomes,1
plasma,3
proteomic,1
stroke,3
tie,1
it,1
aberrant,1
peripheral,1
immune,1
responses,2
boosting,3
accuracy,2
sentimentbased,1
mixed,3
smartdatadriven,1
electroencephalographic,1
predictive,13
occurrence,1
systems,2
nonmotor,2
calculator,1
cgdrisk,1
comprehensive,3
timed,1
up,1
go,1
kinect,1
v,2
camera,1
restriction,1
lifespace,1
imias,1
simple,4
action,2
kinectrecorded,1
kinematic,1
skeletal,1
prognosis,1
quantitative,2
mass,1
spectrometry,1
proteins,1
generational,1
differences,4
its,1
sociodemographic,2
confirmatory,1
attempt,1
us,4
internally,1
validate,1
postoperative,1
prospective,6
surgical,1
assessing,3
state,3
measurement,1
properties,1
doi,1
s,1
pmid,1
indexed,1
medline,1
living,9
transitioning,1
residential,2
service,2
nested,1
marriage,1
support,10
quality,5
autopsy,1
adhering,1
guidelines,1
examining,4
demographic,3
adherence,2
control,1
daily,3
adl,1
acquired,1
environment,1
brainage,3
is,5
memory,11
clinic,3
automatic,6
d,2
convolutional,1
neural,4
crosssample,1
entropy,2
restingstate,1
fmri,1
inequities,1
facing,1
racialized,1
immigrant,1
despite,1
universal,1
coverage,1
canada,1
dominant,1
setinformed,1
fuzzy,2
drawing,2
feature,5
extraction,2
feb,1
optimized,1
vector,2
svm,1
datadriven,3
probable,1
subphenotypes,1
associating,1
selfreported,1
neurocognitive,3
breast,2
survivors,1
thinking,1
influence,2
individuals,5
communities,2
toughness,1
addressing,1
wellness,1
remote,1
thetaband,1
fluctuation,1
facial,4
shortterm,2
oddball,1
candidates,1
preexposure,1
prophylaxis,1
modelling,1
exploring,5
most,2
important,2
men,1
sweden,1
predictions,2
training,5
efficacy,3
who,2
currently,1
report,1
feelings,1
quiet,1
balance,1
interests,1
aiassisted,1
inhouse,1
power,4
methamphetamine,2
indians,2
natives,1
united,4
states,5
spoken,1
acoustic,2
therapy,2
sessions,1
understand,1
family,1
caregivers,1
ecological,2
momentary,1
actiwatch,1
alone,2
positivity,2
cognitively,1
unimpaired,1
measuring,1
genderbased,1
senior,3
message,1
monitoringtrackingrescuing,1
taiwan,1
sensing,1
households,1
usercentered,1
design,4
investigating,4
meets,1
virtual,2
reality,1
relative,1
multilevel,1
variables,2
psychiatric,1
classifications,1
proportional,1
changes,4
subdomains,1
veterans,1
nhanes,1
nationwide,1
agent,1
physical,5
comorbidities,2
codesign,1
acceptability,1
testing,3
global,2
ranking,1
fitness,2
modifiable,3
nonresponse,1
psychotherapies,1
executive,1
dysfunction,4
psychotherapy,1
major,3
efficient,2
optimization,2
thresholding,1
technique,3
mris,1
cortical,4
subcortical,2
t,1
images,1
four,1
different,1
types,1
datasets,2
classificationbased,1
realtime,2
error,1
homes,1
risks,3
hospitalized,1
taiwana,1
select,1
parameters,3
prognostic,1
preserved,1
women,2
womens,1
utility,1
voxel,1
regionbased,1
cerebrospinal,1
fluid,1
space,1
engagement,1
results,4
therapistsupported,1
naturalistic,2
driving,4
preliminary,2
findings,2
drivers,2
longroad,1
apathy,3
suitability,1
information,3
selfcare,1
classifiers,2
integrating,1
imaging,3
response,3
separating,1
symptomatic,1
structural,5
video,4
audiovisual,1
pragmatic,1
clusterrandomized,1
trial,5
patientreported,2
expressions,3
noninvasive,1
signal,1
acute,3
event,1
profiles,4
motor,1
behavior,4
clusters,3
derived,2
mjnseras,1
seizures,1
refractory,1
focal,1
epilepsy,3
recurrenceassociated,1
localized,1
prostate,1
charlson,1
comorbidity,2
indexreinforced,1
tas,1
motorcognitive,1
preclinical,2
estimate,2
authors,1
dialectical,1
skills,1
alcohol,3
concurrent,1
canadian,1
multiple,3
key,1
supervised,2
leading,1
covidrelated,1
poor,1
adult,5
asian,1
extreme,1
gradient,1
shapley,1
additive,1
explanations,1
sedentary,1
comparing,1
pretrained,1
featurebased,1
increased,1
sample,1
gps,1
interactionbased,1
score,2
association,3
lipids,1
acomprehensivelipidomics,1
din,1
navajo,1
female,1
motherdaughter,1
cultural,1
assets,1
around,1
womanhood,1
qualitative,1
tribal,1
setting,2
healthrelated,1
questionnaires,2
ability,3
korean,1
secondary,3
intake,1
interviews,1
inhospital,2
work,1
distinguish,1
diseaserelated,1
profile,2
socioemotional,1
sensitivity,1
index,2
salience,1
classifying,3
privileged,1
corrigendum,1
independent,3
replication,1
advanced,1
accelerated,3
biological,2
causal,2
reasoning,1
subjective,4
objective,2
circadian,1
depressionrelated,1
uk,2
biobank,1
chest,1
radiographbased,1
communityacquired,1
pneumonia,1
hospitalizationassociated,1
cardiac,1
surgery,2
retirement,1
charls,1
dual,1
architecture,1
agile,1
requirements,1
engineering,1
software,2
planning,1
platform,1
engage,1
caused,1
distancing,1
case,2
protective,2
opioid,4
youth,1
near,1
reservations,1
administrative,1
acceptance,1
communication,1
connectedness,1
pandemic,3
forests,3
one,2
rest,2
anova,1
partial,1
least,1
squares,1
faster,1
worry,1
rumination,1
late,3
greater,2
autonomous,1
unobtrusive,1
structurefunction,1
ml,1
symptom,1
tracking,1
staging,1
microbiome,1
dysregulation,1
antiinflammatory,1
pglycoprotein,1
pathway,1
discriminating,1
resilience,1
stressors,1
polygenic,1
scores,1
quickly,1
departments,1
tradeoffs,1
ehr,2
flag,1
strategy,2
irreversibility,1
largescale,2
dynamics,2
correlates,1
purpose,1
identified,1
sex,1
nonlinear,1
simulation,1
supports,1
adjusting,1
when,1
analyzing,1
touchscreen,1
games,1
userinteraction,1
recalibrating,1
epigenetic,1
clock,1
cortex,3
stage,1
left,1
right,2
oxygenation,1
difference,1
prefrontal,2
patientlevel,1
singlegroup,1
interventional,1
relevance,1
complaint,1
stratifying,1
guardian,1
angel,1
supported,1
wellbeing,2
oncorelief,1
single,1
arm,1
multicenter,1
correlations,1
expressivity,1
retinal,1
image,2
analytics,1
detects,1
hyperintensities,2
serum,1
levels,1
lithiumtreated,1
opinions,1
content,1
target,1
advertising,1
problematic,1
agerelated,1
multifaceted,1
problem,1
twosite,1
learningaugmented,1
degenerative,1
spine,1
quantifying,1
patientspecific,1
fiverepetition,1
sittostand,1
connectivity,4
tree,2
pharmacists,1
rehabilitation,1
persons,2
ahead,1
practice,1
rbp,1
gene,3
signature,2
glioma,1
ischemic,1
agingrelated,1
hypoxic,1
stress,1
diagnosing,1
attentiondeficit,1
hyperactivity,1
adhd,1
high,1
likelihood,1
surveys,1
clustering,1
reyosterrieth,1
complex,1
figure,1
participants,1
silent,1
infarcts,1
reports,1
illness,2
comparatively,1
strong,1
following,4
middle,1
determinants,2
histologic,1
nafld,1
real,1
world,1
targetnash,1
computeraided,1
weak,1
supervision,1
attention,1
mechanism,1
multiscale,2
neurodegeneration,1
machines,2
find,2
bilingual,2
advantage,1
no,1
lifelong,1
monolingual,1
number,1
comorbid,1
baseline,1
stagespecifically,1
nevertreated,1
firstepisode,1
selfneglect,2
sn,1
modifying,1
crest,1
sexspecific,1
architectures,1
deposition,2
circulating,1
metabolites,1
puerto,1
rican,1
developmental,1
adversity,1
adolescents,4
arousal,1
valence,1
societies,1
dropping,1
out,1
dot,1
aged,1
years,2
before,1
peak,1
reminiscent,1
interior,1
working,1
selective,1
fully,1
speechbased,1
semantic,1
verbal,1
fluency,1
cfas,1
addition,1
aderived,1
measures,1
logistic,1
multifractal,1
geometry,1
knearest,1
neighbor,1
adscreen,1
processingbased,1
mrbased,1
first,1
episode,1
homelessness,1
handgrip,1
strength,1
selfrated,1
squat,1
clip,1
unit,1
thai,1
repository,1
keyword,1
topic,1
news,1
articles,1
group,2
areas,1
observers,1
judgments,1
angle,1
observation,1
episodix,1
serious,2
game,1
antidepressant,1
embarc,1
eyes,1
open,1
resting,2
assisting,1
arts,1
invivo,1
arteriolosclerosis,1
heterogeneity,1
disaster,1
experiment,1
phenotypes,2
amnestic,1
czech,1
psychotropic,1
medication,3
incidence,2
gwas,1
incorporating,1
misclassified,1
samples,2
effect,1
musculoskeletal,1
updated,1
insights,1
irish,2
informal,1
caregiver,2
education,1
increase,1
days,1
decrease,1
subgroup,2
hifives,1
randomized,3
robust,1
region,1
episodic,1
lcmsms,1
insight,1
into,1
vitamin,1
c,1
restoration,1
evoked,1
caenorhabditis,1
elegans,1
cl,1
entertainment,1
chatbot,1
capabilities,1
satisfaction,1
total,1
knee,1
arthroplasty,1
help,1
seeker,1
prevention,1
helpline,1
indepth,1
encoder,1
representations,1
transformers,1
transfer,1
magnetic,2
resonance,1
fused,1
improves,1
salzburg,1
sdtp,1
englishspeaking,1
opioidonly,1
opioidpolysubstancerelated,1
rates,2
indianalaska,1
populations,2
closely,1
shandong,1
equity,1
agetech,1
well,3
technologydriven,1
places,1
role,1
designing,1
aibased,1
assistive,1
technologies,1
characterizing,1
probabilistic,1
phenotype,1
within,2
suggests,1
injury,2
polypharmacy,1
platforms,1
mining,1
english,2
determining,1
demonstration,1
nonadherence,1
disengagement,1
active,1
santcerveau,1
sum,1
boxes,1
rating,1
scale,1
highly,1
conversion,1
reversion,1
predementia,2
phenotypic,2
unique,1
svmbased,1
nonfall,1
coding,1
lung,1
claims,1
biosensor,1
device,1
understanding,1
students,1
continuance,1
intention,1
adopt,1
aipowered,1
tutoring,1
nighttime,1
enightlog,1
prevent,1
wandering,1
hostels,1
threemonth,1
hemispheric,1
spatial,1
neglect,1
months,1
elective,1
analyses,1
beliefs,2
about,2
aromatase,1
inhibitors,1
postmenopausal,1
discharged,1
hospitalizations,1
lasting,1
less,1
than,2
hours,1
buffering,1
sociocultural,1
adverse,1
childhood,1
type,1
diabetes,1
communitybased,1
participatory,2
hcv,1
latinos,1
highrisk,1
science,2
cocktail,1
polyherbal,1
bioactive,1
compounds,1
regular,2
senolytic,1
agedependent,1
silico,1
lifestyle,1
old,1
decisionsupport,1
promoting,1
questionnairebased,1
vaccination,1
elderlys,1
migraine,1
headache,2
medicationoveruse,1
cityitoigawa,1
hisui,1
assistants,1
consumer,1
frequency,1
cessation,1
violent,1
reporting,1
increasing,1
access,1
collected,1
over,2
telephone,1
antibioticresistant,1
urinary,1
tract,1
infections,1
integrated,1
clinics,1
northcentral,1
florida,1
transcranial,1
stimulation,1
indices,1
excitability,1
enhance,1
pharmacotherapy,1
postacute,1
sequelae,1
sarscov,1
infection,1
cohorts,1
recover,1
dependence,1
pretraining,1
ensembling,1
personal,1
selfmanagement,1
congestive,1
heartman,1
technical,1
proofofconcept,1
controlled,2
differentiating,2
japan,1
sets,1
wave,1
pb,1
low,1
middleincome,1
countries,1
lower,1
dorsal,1
lateral,1
stratification,1
preventable,1
commercially,1
insured,1
resemblance,1
subtle,1
added,1
compared,2
existing,1
mr,1
interactions,1
voice,1
assistant,1
accidents,1
comorbidsocioeconomic,1
downregulated,1
transferrin,1
receptor,1
recurrent,1
mdd,1
superagers,1
agematched,1
vallecas,1
distributed,1
static,1
investigation,1
bloodbased,1
orai,1
susceptibility,1
intelligencebased,1
large,1
sparse,1
admission,1
unselected,1
prospectad,1
profiling,1
spontaneous,1
progressive,1
aphasia,1
behavioralvariant,1
frontotemporal,1
usagefrequency,1
handwashing,1
making,1
elsabrasil,1
false,1
atrial,1
fibrillation,1
alerts,1
smartwatches,1
decreased,1
perceived,1
confidence,1
reaction,1
time,2
bayesian,2
reduction,1
ground,1
falls,3
facilities,1
glial,1
cell,2
precede,1
overt,1
neurofibrillary,1
tangle,1
formation,1
correlate,1
damage,1
braak,1
iiiiv,1
conditional,1
inference,1
examine,1
syncope,1
multimorbid,1
contributions,1
fragility,1
fractures,2
scenarios,1
stacking,1
naive,1
nomogram,1
representing,1
web,1
app,1
memo,1
regarding,1
proposal,1
ambulation,1
residents,1
dementiacognitive,1
history,1
wtdpsd,1
presentation,1
discrete,1
wavelet,1
transformation,1
timedependent,1
spectrum,1
descriptors,1
higher,1
organ,1
sepsis,1
critical,1
spouseappraised,1
functioning,1
better,1
complaints,1
dwelling,1
genetic,1
sorg,1
orthopaedic,1
perform,1
intercontinental,1
barriers,1
seeking,1
centers,1
aguascalientes,1
mexico,1
